{
	"description": "项目配置文件。",
	"setting": {
		"urlCheck": false,
		"es6": true,
		"postcss": true,
		"minified": true,
		"newFeature": true
	},
	"compileType": "game",
	"libVersion": "game",
	"appid": "wx9170ca1ff6f31088",
	"projectname": "%E5%B0%8F%E6%B8%B8%E6%88%8F%E6%B5%8B%E8%AF%95TS0720",
	"condition": {
		"search": {
			"current": -1,
			"list": []
		},
		"conversation": {
			"current": -1,
			"list": []
		},
		"game": {
			"currentL": -1,
			"list": []
		},
		"miniprogram": {
			"current": -1,
			"list": []
		}
	}
}